dates,store,link,asin,category
21-02-08,amazon,https://amazon.com/dp/B08R81J62G?smid=ATVPDKIKX0DER&tag=data20-20#aod,B08R81J62G,rx6900xt
21-02-09,amazon,https://amazon.com/dp/B08Q2R71CS?smid=ATVPDKIKX0DER&tag=data20-20#aod,B08Q2R71CS,rx6900xt
21-02-09,amazon,https://amazon.com/dp/B08Q2R71CS?smid=ATVPDKIKX0DER&tag=data20-20#aod,B08Q2R71CS,rx6900xt
21-02-09,amazon,https://amazon.com/dp/B08Q2R71CS?smid=ATVPDKIKX0DER&tag=data20-20#aod,B08Q2R71CS,rx6900xt
21-02-09,amazon,https://amazon.com/dp/B08Q9SCPGD?smid=ATVPDKIKX0DER&tag=data20-20#aod,B08Q9SCPGD,rx6900xt
21-02-09,amazon,https://amazon.com/dp/B08Q2R71CS?smid=ATVPDKIKX0DER&tag=data20-20#aod,B08Q2R71CS,rx6900xt
21-02-09,amazon,https://amazon.com/dp/B08Q2R71CS?smid=ATVPDKIKX0DER&tag=data20-20#aod,B08Q2R71CS,rx6900xt
21-02-09,amazon,https://amazon.com/dp/B08Q2R71CS?smid=ATVPDKIKX0DER&tag=data20-20#aod,B08Q2R71CS,rx6900xt
21-02-09,amazon,https://amazon.com/dp/B08R81J62G?smid=ATVPDKIKX0DER&tag=data20-20#aod,B08R81J62G,rx6900xt
21-02-09,amazon,https://amazon.com/dp/B08Q2R71CS?smid=ATVPDKIKX0DER&tag=data20-20#aod,B08Q2R71CS,rx6900xt
21-02-09,amazon,https://amazon.com/dp/B08Q2R71CS?smid=ATVPDKIKX0DER&tag=data20-20#aod,B08Q2R71CS,rx6900xt
21-02-09,amazon,https://amazon.com/dp/B08Q2R71CS?smid=ATVPDKIKX0DER&tag=data20-20#aod,B08Q2R71CS,rx6900xt
21-02-09,amazon,https://amazon.com/dp/B08Q2R71CS?smid=ATVPDKIKX0DER&tag=data20-20#aod,B08Q2R71CS,rx6900xt
21-02-09,amazon,https://amazon.com/dp/B08Q2R71CS?smid=ATVPDKIKX0DER&tag=data20-20#aod,B08Q2R71CS,rx6900xt
21-02-09,amazon,https://amazon.com/dp/B08Q9SCPGD?smid=ATVPDKIKX0DER&tag=data20-20#aod,B08Q9SCPGD,rx6900xt
21-02-10,amazon,https://amazon.com/dp/B08Q2R71CS?smid=ATVPDKIKX0DER&tag=data20-20#aod,B08Q2R71CS,rx6900xt
21-02-10,amazon,https://amazon.com/dp/B08Q9SCPGD?smid=ATVPDKIKX0DER&tag=data20-20#aod,B08Q9SCPGD,rx6900xt
21-02-11,amazon,https://amazon.com/dp/B08Q2R71CS?smid=ATVPDKIKX0DER&tag=data20-20#aod,B08Q2R71CS,rx6900xt
21-02-11,amazon,https://amazon.com/dp/B08R81J62G?smid=ATVPDKIKX0DER&tag=data20-20#aod,B08R81J62G,rx6900xt
21-02-11,amazon,https://amazon.com/dp/B08Q2R71CS?smid=ATVPDKIKX0DER&tag=data20-20#aod,B08Q2R71CS,rx6900xt
21-02-11,amazon,https://amazon.com/dp/B08Q9SCPGD?smid=ATVPDKIKX0DER&tag=data20-20#aod,B08Q9SCPGD,rx6900xt
21-02-12,amazon,https://amazon.com/dp/B08Q2R71CS?smid=ATVPDKIKX0DER&tag=data20-20#aod,B08Q2R71CS,rx6900xt
21-02-14,amazon,https://www.amazon.com/dp/B08Q9SCPGD?tag=data20-20&linkCode=ogi&th=1&psc=1,B08Q9SCPGD,rx6900xt
21-02-15,amazon,https://www.amazon.com/dp/B08Q9SCPGD?tag=data20-20&linkCode=ogi&th=1&psc=1,B08Q9SCPGD,rx6900xt
21-02-15,amazon,https://amazon.com/dp/B08Q9SCPGD?smid=ATVPDKIKX0DER&tag=data20-20#aod,B08Q9SCPGD,rx6900xt
21-02-15,amazon,https://www.amazon.com/dp/B08Q9SCPGD?tag=data20-20&linkCode=ogi&th=1&psc=1&smid=ATVPDKIKX0DER,B08Q9SCPGD,rx6900xt
21-02-16,amazon,https://www.amazon.com/dp/B08QQFW9YS?tag=data20-20&linkCode=ogi&th=1&psc=1&smid=ATVPDKIKX0DER,B08QQFW9YS,rx6900xt
21-02-16,amazon,https://amazon.com/dp/B08QQFW9YS?smid=ATVPDKIKX0DER&tag=data20-20#aod,B08QQFW9YS,rx6900xt
21-02-16,amazon,https://amazon.com/dp/B08QQFW9YS?smid=ATVPDKIKX0DER&tag=data20-20#aod,B08QQFW9YS,rx6900xt
21-02-16,amazon,https://amazon.com/dp/B08Q9SCPGD?smid=ATVPDKIKX0DER&tag=data20-20#aod,B08Q9SCPGD,rx6900xt
21-02-16,amazon,https://amazon.com/dp/B08Q9SCPGD?smid=ATVPDKIKX0DER&tag=data20-20#aod,B08Q9SCPGD,rx6900xt
21-02-17,amazon,https://www.amazon.com/dp/B08QQFW9YS?tag=data20-20&linkCode=ogi&th=1&psc=1&smid=ATVPDKIKX0DER,B08QQFW9YS,rx6900xt
21-02-18,amazon,https://amazon.com/dp/B08QQFW9YS?smid=ATVPDKIKX0DER&tag=data20-20#aod,B08QQFW9YS,rx6900xt
21-02-18,amazon,https://amazon.com/dp/B08QQFW9YS?smid=ATVPDKIKX0DER&tag=data20-20#aod,B08QQFW9YS,rx6900xt
21-02-18,amazon,https://amazon.com/dp/B08Q3B7NYM?smid=ATVPDKIKX0DER&tag=data20-20#aod,B08Q3B7NYM,rx6900xt
21-02-18,amazon,https://amazon.com/dp/B08Q3B7NYM?smid=ATVPDKIKX0DER&tag=data20-20#aod,B08Q3B7NYM,rx6900xt
21-02-18,amazon,https://amazon.com/dp/B08QQFW9YS?smid=ATVPDKIKX0DER&tag=data20-20#aod,B08QQFW9YS,rx6900xt
21-02-18,amazon,https://amazon.com/dp/B08QQFW9YS?smid=ATVPDKIKX0DER&tag=data20-20#aod,B08QQFW9YS,rx6900xt
21-02-19,amazon,https://amazon.com/dp/B08Q9SCPGD?smid=ATVPDKIKX0DER&tag=data20-20#aod,B08Q9SCPGD,rx6900xt
21-02-19,amazon,https://amazon.com/dp/B08Q9SCPGD?smid=ATVPDKIKX0DER&tag=data20-20#aod,B08Q9SCPGD,rx6900xt
21-02-21,amazon,https://www.amazon.com/dp/B08QQFW9YS?tag=data20-20&linkCode=ogi&th=1&psc=1&smid=ATVPDKIKX0DER,B08QQFW9YS,rx6900xt
21-02-21,amazon,https://amazon.com/dp/B08QQFW9YS?smid=ATVPDKIKX0DER&tag=data20-20#aod,B08QQFW9YS,rx6900xt
21-02-21,amazon,https://amazon.com/dp/B08QQFW9YS?smid=ATVPDKIKX0DER&tag=data20-20#aod,B08QQFW9YS,rx6900xt
21-02-21,amazon,https://amazon.com/dp/B08QQFW9YS?smid=ATVPDKIKX0DER&tag=data20-20#aod,B08QQFW9YS,rx6900xt
21-02-21,amazon,https://amazon.com/dp/B08Q9SCPGD?smid=ATVPDKIKX0DER&tag=data20-20#aod,B08Q9SCPGD,rx6900xt
21-02-21,amazon,https://amazon.com/dp/B08Q9SCPGD?smid=ATVPDKIKX0DER&tag=data20-20#aod,B08Q9SCPGD,rx6900xt
21-02-22,amazon,https://amazon.com/dp/B08Q9SCPGD?smid=ATVPDKIKX0DER&tag=data20-20#aod,B08Q9SCPGD,rx6900xt
21-02-22,amazon,https://amazon.com/dp/B08Q9SCPGD?smid=ATVPDKIKX0DER&tag=data20-20#aod,B08Q9SCPGD,rx6900xt
21-02-23,amazon,https://amazon.com/dp/B08Q9SCPGD?smid=ATVPDKIKX0DER&tag=data20-20#aod,B08Q9SCPGD,rx6900xt
21-02-23,amazon,https://amazon.com/dp/B08Q9SCPGD?smid=ATVPDKIKX0DER&tag=data20-20#aod,B08Q9SCPGD,rx6900xt
21-02-23,amazon,https://amazon.com/dp/B08Q9SCPGD?smid=ATVPDKIKX0DER&tag=data20-20#aod,B08Q9SCPGD,rx6900xt
21-02-23,amazon,https://amazon.com/dp/B08Q9SCPGD?smid=ATVPDKIKX0DER&tag=data20-20#aod,B08Q9SCPGD,rx6900xt
21-02-23,amazon,https://amazon.com/dp/B08Q9SCPGD?smid=ATVPDKIKX0DER&tag=data20-20#aod,B08Q9SCPGD,rx6900xt
21-02-23,amazon,https://amazon.com/dp/B08Q9SCPGD?smid=ATVPDKIKX0DER&tag=data20-20#aod,B08Q9SCPGD,rx6900xt
21-02-23,amazon,https://amazon.com/dp/B08Q9SCPGD?smid=ATVPDKIKX0DER&tag=data20-20#aod,B08Q9SCPGD,rx6900xt
21-02-23,amazon,https://amazon.com/dp/B08Q9SCPGD?smid=ATVPDKIKX0DER&tag=data20-20#aod,B08Q9SCPGD,rx6900xt
21-02-24,amazon,https://amazon.com/dp/B08Q9SCPGD?smid=ATVPDKIKX0DER&tag=data20-20#aod,B08Q9SCPGD,rx6900xt
21-02-24,amazon,https://amazon.com/dp/B08Q9SCPGD?smid=ATVPDKIKX0DER&tag=data20-20#aod,B08Q9SCPGD,rx6900xt
21-02-24,amazon,https://amazon.com/dp/B08Q3292PD?smid=ATVPDKIKX0DER&tag=data20-20#aod,B08Q3292PD,rx6900xt
21-02-24,amazon,https://amazon.com/dp/B08Q3292PD?smid=ATVPDKIKX0DER&tag=data20-20#aod,B08Q3292PD,rx6900xt
21-02-25,amazon,https://amazon.com/dp/B08QQFW9YS?smid=ATVPDKIKX0DER&tag=data20-20#aod,B08QQFW9YS,rx6900xt
21-02-25,amazon,https://amazon.com/dp/B08QQFW9YS?smid=ATVPDKIKX0DER&tag=data20-20#aod,B08QQFW9YS,rx6900xt
21-02-25,amazon,https://amazon.com/dp/B08R6M3JPS?smid=ATVPDKIKX0DER&tag=data20-20#aod,B08R6M3JPS,rx6900xt
21-02-25,amazon,https://amazon.com/dp/B08Q3B7NYM?smid=ATVPDKIKX0DER&tag=data20-20#aod,B08Q3B7NYM,rx6900xt
21-02-27,amazon,https://amazon.com/dp/B08Q3B7NYM?smid=ATVPDKIKX0DER&tag=data20-20#aod,B08Q3B7NYM,rx6900xt
21-02-27,amazon,https://amazon.com/dp/B08Q3B7NYM?smid=ATVPDKIKX0DER&tag=data20-20#aod,B08Q3B7NYM,rx6900xt
21-02-27,amazon,https://amazon.com/dp/B08Q3B7NYM?smid=ATVPDKIKX0DER&tag=data20-20#aod,B08Q3B7NYM,rx6900xt
21-02-27,amazon,https://amazon.com/dp/B08Q3B7NYM?smid=ATVPDKIKX0DER&tag=data20-20#aod,B08Q3B7NYM,rx6900xt
21-02-27,amazon,https://amazon.com/dp/B08Q3B7NYM?smid=ATVPDKIKX0DER&tag=data20-20#aod,B08Q3B7NYM,rx6900xt
21-02-27,amazon,https://amazon.com/dp/B08Q3B7NYM?smid=ATVPDKIKX0DER&tag=data20-20#aod,B08Q3B7NYM,rx6900xt
21-02-27,amazon,https://amazon.com/dp/B08Q3B7NYM?smid=ATVPDKIKX0DER&tag=data20-20#aod,B08Q3B7NYM,rx6900xt
21-02-27,amazon,https://amazon.com/dp/B08Q3B7NYM?smid=ATVPDKIKX0DER&tag=data20-20#aod,B08Q3B7NYM,rx6900xt
21-02-27,amazon,https://amazon.com/dp/B08Q3B7NYM?smid=ATVPDKIKX0DER&tag=data20-20#aod,B08Q3B7NYM,rx6900xt
21-02-27,amazon,https://amazon.com/dp/B08Q3B7NYM?smid=ATVPDKIKX0DER&tag=data20-20#aod,B08Q3B7NYM,rx6900xt
21-02-27,amazon,https://amazon.com/dp/B08Q3B7NYM?smid=ATVPDKIKX0DER&tag=data20-20#aod,B08Q3B7NYM,rx6900xt
21-02-28,amazon,https://amazon.com/dp/B08R6M3JPS?smid=ATVPDKIKX0DER&tag=data20-20#aod,B08R6M3JPS,rx6900xt
21-02-28,amazon,https://amazon.com/dp/B08Q2R71CS?smid=ATVPDKIKX0DER&tag=data20-20#aod,B08Q2R71CS,rx6900xt
21-02-28,amazon,https://amazon.com/dp/B08Q2R71CS?smid=ATVPDKIKX0DER&tag=data20-20#aod,B08Q2R71CS,rx6900xt
21-02-28,amazon,https://amazon.com/dp/B08R81J62G?smid=ATVPDKIKX0DER&tag=data20-20#aod,B08R81J62G,rx6900xt
21-02-28,amazon,https://amazon.com/dp/B08R81J62G?smid=ATVPDKIKX0DER&tag=data20-20#aod,B08R81J62G,rx6900xt
21-02-28,amazon,https://amazon.com/dp/B08R81J62G?smid=ATVPDKIKX0DER&tag=data20-20#aod,B08R81J62G,rx6900xt
21-02-28,amazon,https://amazon.com/dp/B08Q2R71CS?smid=ATVPDKIKX0DER&tag=data20-20#aod,B08Q2R71CS,rx6900xt
21-02-28,amazon,https://amazon.com/dp/B08Q2R71CS?smid=ATVPDKIKX0DER&tag=data20-20#aod,B08Q2R71CS,rx6900xt
21-02-28,amazon,https://amazon.com/dp/B08Q2R71CS?smid=ATVPDKIKX0DER&tag=data20-20#aod,B08Q2R71CS,rx6900xt
21-02-28,amazon,https://amazon.com/dp/B08Q9SCPGD?smid=ATVPDKIKX0DER&tag=data20-20#aod,B08Q9SCPGD,rx6900xt
21-02-28,amazon,https://amazon.com/dp/B08Q9SCPGD?smid=ATVPDKIKX0DER&tag=data20-20#aod,B08Q9SCPGD,rx6900xt
21-03-01,amazon,https://amazon.com/dp/B08QQFW9YS?smid=ATVPDKIKX0DER&tag=data20-20#aod,B08QQFW9YS,rx6900xt
21-03-01,amazon,https://amazon.com/dp/B08QQFW9YS?smid=ATVPDKIKX0DER&tag=data20-20#aod,B08QQFW9YS,rx6900xt
21-03-01,amazon,https://amazon.com/dp/B08Q2R71CS?smid=ATVPDKIKX0DER&tag=data20-20#aod,B08Q2R71CS,rx6900xt
21-03-01,amazon,https://amazon.com/dp/B08Q2R71CS?smid=ATVPDKIKX0DER&tag=data20-20#aod,B08Q2R71CS,rx6900xt
21-03-01,amazon,https://amazon.com/dp/B08Q3B7NYM?smid=ATVPDKIKX0DER&tag=data20-20#aod,B08Q3B7NYM,rx6900xt
21-03-01,amazon,https://amazon.com/dp/B08Q3B7NYM?smid=ATVPDKIKX0DER&tag=data20-20#aod,B08Q3B7NYM,rx6900xt
21-03-03,amazon,https://amazon.com/dp/B08Q3292PD?smid=ATVPDKIKX0DER&tag=data20-20#aod,B08Q3292PD,rx6900xt
21-03-03,amazon,https://amazon.com/dp/B08Q36SRKK?smid=ATVPDKIKX0DER&tag=data20-20#aod,B08Q36SRKK,rx6900xt
21-03-03,amazon,https://amazon.com/dp/B08Q36SRKK?smid=ATVPDKIKX0DER&tag=data20-20#aod,B08Q36SRKK,rx6900xt
21-03-03,amazon,https://amazon.com/dp/B08Q36SRKK?smid=ATVPDKIKX0DER&tag=data20-20#aod,B08Q36SRKK,rx6900xt
21-03-03,amazon,https://amazon.com/dp/B08Q36SRKK?smid=ATVPDKIKX0DER&tag=data20-20#aod,B08Q36SRKK,rx6900xt
21-03-03,amazon,https://amazon.com/dp/B08Q36SRKK?smid=ATVPDKIKX0DER&tag=data20-20#aod,B08Q36SRKK,rx6900xt
21-03-03,amazon,https://amazon.com/dp/B08Q36SRKK?smid=ATVPDKIKX0DER&tag=data20-20#aod,B08Q36SRKK,rx6900xt
21-03-03,amazon,https://amazon.com/dp/B08Q36SRKK?smid=ATVPDKIKX0DER&tag=data20-20#aod,B08Q36SRKK,rx6900xt
21-03-03,amazon,https://amazon.com/dp/B08Q36SRKK?smid=ATVPDKIKX0DER&tag=data20-20#aod,B08Q36SRKK,rx6900xt
21-03-03,amazon,https://amazon.com/dp/B08Q36SRKK?smid=ATVPDKIKX0DER&tag=data20-20#aod,B08Q36SRKK,rx6900xt
21-03-04,amazon,https://amazon.com/dp/B08Q36SRKK?smid=ATVPDKIKX0DER&tag=data20-20#aod,B08Q36SRKK,rx6900xt
21-03-04,amazon,https://amazon.com/dp/B08Q36SRKK?smid=ATVPDKIKX0DER&tag=data20-20#aod,B08Q36SRKK,rx6900xt
21-03-05,amazon,https://amazon.com/dp/B08Q2R71CS?smid=ATVPDKIKX0DER&tag=data20-20#aod,B08Q2R71CS,rx6900xt
21-03-05,amazon,https://amazon.com/dp/B08Q2R71CS?smid=ATVPDKIKX0DER&tag=data20-20#aod,B08Q2R71CS,rx6900xt
21-03-05,amazon,https://amazon.com/dp/B08R81J62G?smid=ATVPDKIKX0DER&tag=data20-20#aod,B08R81J62G,rx6900xt
21-03-05,amazon,https://amazon.com/dp/B08R81J62G?smid=ATVPDKIKX0DER&tag=data20-20#aod,B08R81J62G,rx6900xt
21-03-05,amazon,https://amazon.com/dp/B08Q2R71CS?smid=ATVPDKIKX0DER&tag=data20-20#aod,B08Q2R71CS,rx6900xt
21-03-06,amazon,https://amazon.com/dp/B08Q2R71CS?smid=ATVPDKIKX0DER&tag=data20-20#aod,B08Q2R71CS,rx6900xt
21-03-06,amazon,https://amazon.com/dp/B08Q2R71CS?smid=ATVPDKIKX0DER&tag=data20-20#aod,B08Q2R71CS,rx6900xt
21-03-06,amazon,https://amazon.com/dp/B08Q9SCPGD?smid=ATVPDKIKX0DER&tag=data20-20#aod,B08Q9SCPGD,rx6900xt
21-03-07,amazon,https://amazon.com/dp/B08Q2R71CS?smid=ATVPDKIKX0DER&tag=data20-20#aod,B08Q2R71CS,rx6900xt
21-03-07,amazon,https://amazon.com/dp/B08Q2R71CS?smid=ATVPDKIKX0DER&tag=data20-20#aod,B08Q2R71CS,rx6900xt
21-03-08,amazon,https://amazon.com/dp/B08Q2R71CS?smid=ATVPDKIKX0DER&tag=data20-20#aod,B08Q2R71CS,rx6900xt
21-03-08,amazon,https://amazon.com/dp/B08Q2R71CS?smid=ATVPDKIKX0DER&tag=data20-20#aod,B08Q2R71CS,rx6900xt
21-03-10,amazon,https://amazon.com/dp/B08Q2R71CS?smid=ATVPDKIKX0DER&tag=data20-20#aod,B08Q2R71CS,rx6900xt
21-03-10,amazon,https://amazon.com/dp/B08Q2R71CS?smid=ATVPDKIKX0DER&tag=data20-20#aod,B08Q2R71CS,rx6900xt
21-03-10,amazon,https://amazon.com/dp/B08Q9SCPGD?smid=ATVPDKIKX0DER&tag=data20-20#aod,B08Q9SCPGD,rx6900xt
21-03-11,amazon,https://amazon.com/dp/B08Q2R71CS?smid=ATVPDKIKX0DER&tag=data20-20#aod,B08Q2R71CS,rx6900xt
21-03-12,amazon,https://amazon.com/dp/B08Q2R71CS?smid=ATVPDKIKX0DER&tag=data20-20#aod,B08Q2R71CS,rx6900xt
21-03-12,amazon,https://amazon.com/dp/B08Q9SCPGD?smid=ATVPDKIKX0DER&tag=data20-20#aod,B08Q9SCPGD,rx6900xt
21-03-14,amazon,https://amazon.com/dp/B08Q9SCPGD?smid=ATVPDKIKX0DER&tag=data20-20#aod,B08Q9SCPGD,rx6900xt
21-03-15,amazon,https://amazon.com/dp/B08Q9SCPGD?smid=ATVPDKIKX0DER&tag=data20-20#aod,B08Q9SCPGD,rx6900xt
21-03-15,amazon,https://amazon.com/dp/B08Q2R71CS?smid=ATVPDKIKX0DER&tag=data20-20#aod,B08Q2R71CS,rx6900xt
21-03-15,amazon,https://amazon.com/dp/B08Q9SCPGD?smid=ATVPDKIKX0DER&tag=data20-20#aod,B08Q9SCPGD,rx6900xt
21-03-15,amazon,https://amazon.com/dp/B08Q2R71CS?smid=ATVPDKIKX0DER&tag=data20-20#aod,B08Q2R71CS,rx6900xt
21-03-15,amazon,https://amazon.com/dp/B08Q2R71CS?smid=ATVPDKIKX0DER&tag=data20-20#aod,B08Q2R71CS,rx6900xt
21-03-15,amazon,https://amazon.com/dp/B08Q2R71CS?smid=ATVPDKIKX0DER&tag=data20-20#aod,B08Q2R71CS,rx6900xt
21-03-15,amazon,https://amazon.com/dp/B08Q2R71CS?smid=ATVPDKIKX0DER&tag=data20-20#aod,B08Q2R71CS,rx6900xt
21-03-15,amazon,https://amazon.com/dp/B08Q2R71CS?smid=ATVPDKIKX0DER&tag=data20-20#aod,B08Q2R71CS,rx6900xt
21-03-17,amazon,https://amazon.com/dp/B08Q2R71CS?smid=ATVPDKIKX0DER&tag=data20-20#aod,B08Q2R71CS,rx6900xt
21-03-17,amazon,https://amazon.com/dp/B08Q2R71CS?smid=ATVPDKIKX0DER&tag=data20-20#aod,B08Q2R71CS,rx6900xt
21-03-17,amazon,https://amazon.com/dp/B08Q2R71CS?smid=ATVPDKIKX0DER&tag=data20-20#aod,B08Q2R71CS,rx6900xt
21-03-20,amazon,http://instockalert.io/P/US/B08Q36SRKK,B08Q36SRKK,rx6900xt
21-03-24,amazon,http://instockalert.io/P/US/B08S6Z2HGW,B08S6Z2HGW,rx6900xt
21-03-24,amazon,http://instockalert.io/P/US/B08S6Z2HGW,B08S6Z2HGW,rx6900xt
21-03-25,amazon,http://instockalert.io/P/US/B08Q9SCPGD,B08Q9SCPGD,rx6900xt
21-04-01,amazon,https://instockalert.io/P/US/B08PDQJVD9,B08PDQJVD9,rx6900xt
21-04-01,amazon,https://instockalert.io/P/US/B08PDQJVD9,B08PDQJVD9,rx6900xt
21-04-08,amazon,https://instockalert.io/P/US/B08R6M3JPS,B08R6M3JPS,rx6900xt
21-04-08,amazon,https://instockalert.io/P/US/B08R6M3JPS,B08R6M3JPS,rx6900xt
21-04-10,amazon,https://instockalert.io/P/US/B08Q2R71CS,B08Q2R71CS,rx6900xt
21-04-12,amazon,https://instockalert.io/P/US/B08Q9SCPGD,B08Q9SCPGD,rx6900xt
21-04-13,amazon,https://instockalert.io/P/US/B08R81J62G,B08R81J62G,rx6900xt
21-04-13,amazon,https://instockalert.io/P/US/B08SVZNFWR,B08SVZNFWR,rx6900xt
21-04-13,amazon,https://instockalert.io/P/US/B08SVZNFWR,B08SVZNFWR,rx6900xt
21-04-14,amazon,https://instockalert.io/P/US/B08R81J62G,B08R81J62G,rx6900xt
21-04-14,amazon,https://instockalert.io/P/US/B08R81J62G,B08R81J62G,rx6900xt
21-04-14,amazon,https://instockalert.io/P/US/B08R81J62G,B08R81J62G,rx6900xt
21-04-14,amazon,https://instockalert.io/P/US/B08R81J62G,B08R81J62G,rx6900xt
21-04-14,amazon,https://instockalert.io/P/US/B08R81J62G,B08R81J62G,rx6900xt
21-04-14,amazon,https://instockalert.io/P/US/B08R81J62G,B08R81J62G,rx6900xt
21-04-16,amazon,https://instockalert.io/P/US/B08Q2R71CS,B08Q2R71CS,rx6900xt
21-04-16,amazon,https://instockalert.io/P/US/B08Q2R71CS,B08Q2R71CS,rx6900xt
21-04-16,amazon,https://instockalert.io/P/US/B08SVZNFWR,B08SVZNFWR,rx6900xt
21-04-17,amazon,https://instockalert.io/P/US/B08R81J62G,B08R81J62G,rx6900xt
21-04-17,amazon,https://instockalert.io/P/US/B08R81J62G,B08R81J62G,rx6900xt
21-04-22,amazon,https://instockalert.io/P/US/B08Q2R71CS,B08Q2R71CS,rx6900xt
21-04-22,amazon,https://instockalert.io/P/US/B08Q2R71CS,B08Q2R71CS,rx6900xt
21-04-22,amazon,https://instockalert.io/P/US/B08R81J62G,B08R81J62G,rx6900xt
21-04-22,amazon,https://instockalert.io/P/US/B08Q2R71CS,B08Q2R71CS,rx6900xt
21-04-22,amazon,https://instockalert.io/P/US/B08Q2R71CS,B08Q2R71CS,rx6900xt
21-05-02,amazon,https://instockalert.io/P/US/B08Q3292PD,B08Q3292PD,rx6900xt
21-05-02,amazon,https://instockalert.io/P/US/B08Q3292PD,B08Q3292PD,rx6900xt
21-05-02,amazon,https://instockalert.io/P/US/B08Q3292PD,B08Q3292PD,rx6900xt
21-05-03,amazon,https://instockalert.io/P/US/B08R81J62G,B08R81J62G,rx6900xt
21-05-03,amazon,https://instockalert.io/P/US/B08R81J62G,B08R81J62G,rx6900xt
21-05-03,amazon,https://instockalert.io/P/US/B08R81J62G,B08R81J62G,rx6900xt
21-05-04,amazon,https://instockalert.io/P/US/B08R81J62G,B08R81J62G,rx6900xt
21-05-04,amazon,https://instockalert.io/P/US/B08R81J62G,B08R81J62G,rx6900xt
21-05-05,amazon,https://instockalert.io/P/US/B08R81J62G,B08R81J62G,rx6900xt
21-05-05,amazon,https://instockalert.io/P/US/B08R81J62G,B08R81J62G,rx6900xt
21-05-05,amazon,https://instockalert.io/P/US/B08R81J62G,B08R81J62G,rx6900xt
21-05-05,amazon,https://instockalert.io/P/US/B08R81J62G,B08R81J62G,rx6900xt
21-05-05,amazon,https://instockalert.io/P/US/B08R81J62G,B08R81J62G,rx6900xt
21-05-06,amazon,https://instockalert.io/P/US/B08S6Z2HGW,B08S6Z2HGW,rx6900xt
21-05-08,amazon,https://instockalert.io/P/US/B08Q3292PD,B08Q3292PD,rx6900xt
